Workbook

Sheet Players
A1: Team | B1: Code | C1: Player | D1: Price (INR Lakhs) | E1: Price (INR Crore) | F1: Overseas | G1: Traded
A2: Chennai Super Kings | B2: CSK | C2: Anshul Kamboj | D2: 340 | E2: =D2/100 -> 3.4 | F2: No | G2: No
A3: Chennai Super Kings | B3: CSK | C3: Gurjapneet Singh | D3: 220 | E3: =D3/100 -> 2.2 | F3: No | G3: No
A4: Chennai Super Kings | B4: CSK | C4: Jamie Overton | D4: 150 | E4: =D4/100 -> 1.5 | F4: Yes | G4: No
A5: Chennai Super Kings | B5: CSK | C5: MS Dhoni | D5: 400 | E5: =D5/100 -> 4 | F5: No | G5: No
A6: Chennai Super Kings | B6: CSK | C6: Mukesh Choudhary | D6: 30 | E6: =D6/100 -> 0.3 | F6: No | G6: No
A7: Chennai Super Kings | B7: CSK | C7: Nathan Ellis | D7: 200 | E7: =D7/100 -> 2 | F7: Yes | G7: No
A8: Chennai Super Kings | B8: CSK | C8: Noor Ahmad | D8: 1000 | E8: =D8/100 -> 10 | F8: Yes | G8: No
A9: Chennai Super Kings | B9: CSK | C9: Ramakrishna Ghosh | D9: 30 | E9: =D9/100 -> 0.3 | F9: No | G9: No
A10: Chennai Super Kings | B10: CSK | C10: Sanju Samson | D10: 1800 | E10: =D10/100 -> 18 | F10: No | G10: Yes
A11: Chennai Super Kings | B11: CSK | C11: Ruturaj Gaikwad | D11: 1800 | E11: =D11/100 -> 18 | F11: No | G11: No
A12: Chennai Super Kings | B12: CSK | C12: Shivam Dube | D12: 1200 | E12: =D12/100 -> 12 | F12: No | G12: No
A13: Chennai Super Kings | B13: CSK | C13: Shreyas Gopal | D13: 30 | E13: =D13/100 -> 0.3 | F13: No | G13: No
... A174: Sunrisers Hyderabad | B174: SRH | C174: Zeeshan Ansari | D174: 40 | E174: =D174/100 -> 0.4 | F174: No | G174: No

Sheet Team Summary
A1: Team | B1: Code | C1: Squad Size | D1: Overseas Players | E1: Indian Players | F1: Traded Players | G1: Purse Spent (Calc, Lakhs) | H1: Purse Spent (Reported, Lakhs) | I1: Variance (Lakhs) | J1: Cap Available (Reported, Lakhs) | K1: Purse Spent (Calc, Crore)
A2: Chennai Super Kings | B2: CSK | C2: =COUNTIF(Players!B:B,"CSK") -> 16 | D2: =COUNTIFS(Players!B:B,"CSK",Players!F:F,"Yes") -> 4 | E2: =C2-D2 -> 12 | F2: =COUNTIFS(Players!B:B,"CSK",Players!G:G,"Yes") -> 1 | G2: =SUMIF(Players!B:B,"CSK",Players!D:D) -> 7960 | H2: 8160 | I2: =H2-G2 -> 200 | J2: 4340 | K2: =G2/100 -> 79.6
A3: Delhi Capitals | B3: DC | C3: =COUNTIF(Players!B:B,"DC") -> 17 | D3: =COUNTIFS(Players!B:B,"DC",Players!F:F,"Yes") -> 3 | E3: =C3-D3 -> 14 | F3: =COUNTIFS(Players!B:B,"DC",Players!G:G,"Yes") -> 1 | G3: =SUMIF(Players!B:B,"DC",Players!D:D) -> 9995 | H3: 10320 | I3: =H3-G3 -> 325 | J3: 2180 | K3: =G3/100 -> 99.95
A4: Gujarat Titans | B4: GT | C4: =COUNTIF(Players!B:B,"GT") -> 20 | D4: =COUNTIFS(Players!B:B,"GT",Players!F:F,"Yes") -> 4 | E4: =C4-D4 -> 16 | F4: =COUNTIFS(Players!B:B,"GT",Players!G:G,"Yes") -> 0 | G4: =SUMIF(Players!B:B,"GT",Players!D:D) -> 11210 | H4: 11210 | I4: =H4-G4 -> 0 | J4: 1290 | K4: =G4/100 -> 112.1
A5: Kolkata Knight Riders | B5: KKR | C5: =COUNTIF(Players!B:B,"KKR") -> 12 | D5: =COUNTIFS(Players!B:B,"KKR",Players!F:F,"Yes") -> 2 | E5: =C5-D5 -> 10 | F5: =COUNTIFS(Players!B:B,"KKR",Players!G:G,"Yes") -> 0 | G5: =SUMIF(Players!B:B,"KKR",Players!D:D) -> 5470 | H5: 6070 | I5: =H5-G5 -> 600 | J5: 6430 | K5: =G5/100 -> 54.7
A6: Lucknow Super Giants | B6: LSG | C6: =COUNTIF(Players!B:B,"LSG") -> 19 | D6: =COUNTIFS(Players!B:B,"LSG",Players!F:F,"Yes") -> 4 | E6: =C6-D6 -> 15 | F6: =COUNTIFS(Players!B:B,"LSG",Players!G:G,"Yes") -> 2 | G6: =SUMIF(Players!B:B,"LSG",Players!D:D) -> 10205 | H6: 10205 | I6: =H6-G6 -> 0 | J6: 2295 | K6: =G6/100 -> 102.05
A7: Mumbai Indians | B7: MI | C7: =COUNTIF(Players!B:B,"MI") -> 20 | D7: =COUNTIFS(Players!B:B,"MI",Players!F:F,"Yes") -> 7 | E7: =C7-D7 -> 13 | F7: =COUNTIFS(Players!B:B,"MI",Players!G:G,"Yes") -> 3 | G7: =SUMIF(Players!B:B,"MI",Players!D:D) -> 12225 | H7: 12225 | I7: =H7-G7 -> 0 | J7: 275 | K7: =G7/100 -> 122.25
A8: Punjab Kings | B8: PBKS | C8: =COUNTIF(Players!B:B,"PBKS") -> 21 | D8: =COUNTIFS(Players!B:B,"PBKS",Players!F:F,"Yes") -> 6 | E8: =C8-D8 -> 15 | F8: =COUNTIFS(Players!B:B,"PBKS",Players!G:G,"Yes") -> 0 | G8: =SUMIF(Players!B:B,"PBKS",Players!D:D) -> 11350 | H8: 11350 | I8: =H8-G8 -> 0 | J8: 1150 | K8: =G8/100 -> 113.5
A9: Rajasthan Royals | B9: RR | C9: =COUNTIF(Players!B:B,"RR") -> 16 | D9: =COUNTIFS(Players!B:B,"RR",Players!F:F,"Yes") -> 7 | E9: =C9-D9 -> 9 | F9: =COUNTIFS(Players!B:B,"RR",Players!G:G,"Yes") -> 3 | G9: =SUMIF(Players!B:B,"RR",Players!D:D) -> 10495 | H9: 10895 | I9: =H9-G9 -> 400 | J9: 1605 | K9: =G9/100 -> 104.95
A10: Royal Challengers Bengaluru | B10: RCB | C10: =COUNTIF(Players!B:B,"RCB") -> 17 | D10: =COUNTIFS(Players!B:B,"RCB",Players!F:F,"Yes") -> 6 | E10: =C10-D10 -> 11 | F10: =COUNTIFS(Players!B:B,"RCB",Players!G:G,"Yes") -> 0 | G10: =SUMIF(Players!B:B,"RCB",Players!D:D) -> 10860 | H10: 10860 | I10: =H10-G10 -> 0 | J10: 1640 | K10: =G10/100 -> 108.6
A11: Sunrisers Hyderabad | B11: SRH | C11: =COUNTIF(Players!B:B,"SRH") -> 15 | D11: =COUNTIFS(Players!B:B,"SRH",Players!F:F,"Yes") -> 6 | E11: =C11-D11 -> 9 | F11: =COUNTIFS(Players!B:B,"SRH",Players!G:G,"Yes") -> 0 | G11: =SUMIF(Players!B:B,"SRH",Players!D:D) -> 9950 | H11: 9950 | I11: =H11-G11 -> 0 | J11: 2550 | K11: =G11/100 -> 99.5
A12: TOTAL (10 teams) | C12: =SUM(C2:C11) -> 173 | D12: =SUM(D2:D11) -> 49 | E12: =SUM(E2:E11) -> 124 | F12: =SUM(F2:F11) -> 10 | G12: =SUM(G2:G11) -> 99720 | H12: =SUM(H2:H11) -> 101245 | I12: =SUM(I2:I11) -> 1525 | J12: =SUM(J2:J11) -> 23755 | K12: =SUM(K2:K11) -> 997.2

Sheet Read Me
A1: TATA IPL 2026 — Playing Squad Dataset
A3: Source: TATA IPL 2026 Playing Squad PDF (as provided).
A5: Sheets
A6: Players — one row per player, 173 rows total. Filterable.
A7: Team Summary — one row per team, aggregates via formulas.
A9: Conventions
A10: Price unit: INR Lakhs (1 Crore = 100 Lakhs). Crore column = formula.
A11: Overseas = 'Yes' for players marked with * in the source PDF.
A12: Traded = 'Yes' for players marked with (T) in the source PDF.
A14: Formulas
A15: Team Summary uses COUNTIF / SUMIF against Players!B:B (team code),
A16: so edits to the Players sheet flow through automatically.
... A23: The 'Variance' column on Team Summary highlights non-zero rows in red.
